<?xml version="1.0" encoding="UTF-8"?><roles xmlns="http://learnityframework.org/">
    <role id="DEFAULT">
		<interface id="PipelineLoading">
            <layout id="PipelineLoadingLayout"/>
            <content id="PipelineLoadingContent"/>
            <style id="PipelineLoadingStyle"/>
            <behaviour id="PipelineLoadingBehaviour"/>
        </interface>
		<interface id="PipelineDefinition">
            <layout id="PipelineDefinitionLayout"/>
        </interface>
        <interface id="AdminUser">
            <layout id="AdminUserLayout"/>
            <content id="AdminUserContent"/>
            <style id="AdminUserStyle"/>
            <behaviour id="AdminUserBehaviour"/>
        </interface>
        <interface id="CorpusDefinition">
            <layout id="CorpusDefinitionLayout"/>
            <content id="CorpusDefinitionContent"/>
            <style id="CorpusDefinitionStyle"/>
            <behaviour id="CorpusDefinitionBehaviour"/>
        </interface>
        <interface id="CorpusPopulation">
            <layout id="CorpusPopulationLayout"/>
            <content id="CorpusPopulationContent"/>
            <style id="CorpusPopulationStyle"/>
            <behaviour id="CorpusPopulationBehaviour"/>
        </interface>
        <interface id="DocumentCategory">
            <layout id="DocumentCategoryLayout"/>
        </interface>
        <interface id="LKEAdminHome">
            <layout id="LKEAdminHomeLayout"/>
            <content id="LKEAdminHomeContent"/>
            <style id="LKEAdminHomeStyle"/>
            <behaviour id="LKEAdminHomeBehaviour"/>
        </interface>
        <interface id="LKEDemoUserHome">
            <layout id="LKEDemoUserHomeLayout"/>
            <content id="LKEDemoUserHomeContent"/>
            <style id="LKEDemoUserHomeStyle"/>
            <behaviour id="LKEDemoUserHomeBehaviour"/>
        </interface>
        <interface id="LKEUserHome">
            <layout id="LKEUserHomeLayout"/>
            <content id="LKEUserHomeContent"/>
            <style id="LKEUserHomeStyle"/>
            <behaviour id="LKEUserHomeBehaviour"/>
        </interface>
        <interface id="LoginPage">
            <layout id="Loginlayout"/>
            <content id="Logincontent"/>
            <style id="Loginstyle"/>
            <behaviour id="Loginbehaviour"/>
        </interface>
    </role>
</roles><!--XML is generated on Tue Sep 06 22:51:37 IST 2022-->
